{"results": [[7600, {"eye_angles": [0.1158021848731623, 0.033970387953127276], "w1": [145.92913549775, -128.1860153688155, -2.004997696544251, 214.8406667837584, 181.7317857156298, -214.4849148477874, 52.80961602886446, 378.5272288699243, 90.648513617039, 19.402327673281157, -22.477216854570422, 53.18089857165161, -129.71015981621136, 35.771346737704086, -96.03790682200298, 132.7239550085054, -24.416400651087226, -74.56496302660605, -84.53105160323469, -129.143818329349, -376.38213006402304, -24.011664517426652, 4.759306227329375, 1.7864984648275986, 117.7901253679467, -13.26260533275304, 34.16744415671407, -90.39943557855136, 64.2766028544623, -395.7557074598064, 163.3702051695472, 128.476760966541, -287.3794861386488, -69.15193420556662, -18.69941543802271, -88.84091503628152, -35.10312345185169, -295.81814711722177, -101.47244598048566, 29.418917829373108, 46.210807059788706, 102.22469782447352, -13.845022902142922, 249.79205979411356, -17.748339479457663, 19.48893702687785, -130.10579091251972, -261.3114483922931, -138.44727511521748, 163.94984276843502, -52.59587296870138, 19.119723176642324, -193.90675931009895, -117.70537248944869, 14.652265554179692, 1.4905345752184633, 85.1434784623824, 54.21315673045094, 23.260306797127136, 73.41768141790419, 86.96951067031297, 85.3584543794086, 61.069411002689854, -63.73531366755578, 44.786226419172465, 58.17474295312006, 92.40967554959734, -86.46371414104149, 146.13359830962807, -62.04883428498735, -45.27309365468781, -114.46834542995518, 360.36957985063464, 217.36770094772118, 249.8915318266642, -64.82687702576615, -130.20454808974395, -40.650853711980254, -111.71086598540565, 169.3374584708738, -89.56426135331537, -23.379192611278157, 198.64237495406857, 66.17715182090589, -202.97280006206552, 103.13553529789338, 47.254731271688144, 26.068318023755538, 219.26873011051418, -168.53761814990898, 214.60142425202298, 64.73282759526188, -110.99357063334773, -157.47644828718558, -85.07072401908025, -256.02687896743487, -131.51539830049677, -33.34077459912753, -57.79657785698779, 290.90011991860075, -252.31701929147982, -328.20593355699157, -12.807448473038594, 15.851719552327264, -43.726314844234295, -234.14142023492744, 110.57991171132974, 112.60561299800145, 150.98043490188536, 18.354684886455132, -369.69063160204587, -285.8058696090135, -5.137341166319361, -139.50957429017984, 157.2825857191543, 57.11995546929229, 196.45245780698426, 4.356776431714145, -118.95170961462924, 106.74988761948154, 135.39175452357574, -244.56998399523596, -53.083360865967435, 81.64687918572113, -352.8589380096928, -66.57173340279905, 96.87649002760818, -20.31587427238133, -133.0456614286211, 62.57806937945238, -107.15588499966361, -54.31151779824244, 100.19509896550159, 157.69815900278604, -45.78778278828805, -101.89906383211232, 80.80801954592671, -3.95827154794474, 2.4006325630852956, -55.15349624951852, 154.44914507808363, 8.871527139112402, 76.18394167317048, 21.183877408131124, -8.245333441133749, 89.59820127775487, 134.97345181321322, -68.52668898603318, 121.47491303759031, 277.16165606741515, -56.725985044883494, -181.59282215837044, 55.61223941409819, 172.63387900626378, 4.066713678034148, 69.35645334750106, 144.64954201311772, -94.65014710823664, -162.27154162371244, 248.8637826971144, -316.38130664036674, 17.389825630090755, 241.7688566881253, 4.400918043273279, 102.39398733775637, -111.53879334291396, 87.8348222142746, 228.52047601466776, 94.10403620763859, -189.19001458529215, 2.697279976125216, -7.120042163483916, 15.77598918742487, 57.84362510945054, 51.353412692758546, 1.9978340933158751, 51.30260080304623, 160.08074098981237, 110.35882707023192, 39.986352747395124, 38.81167496433942, -96.75026925286632, 52.314935797155655, 151.57630347173833, -88.52592351321472, 91.86354682860825, -182.05372596973498, 146.7209992633409, 9.833844352702439, -72.10547093034135, 241.631309073959, -70.51498083761936, -52.22285459017697, 268.42407204856437, 88.21067362824546, 115.66486177996595, -79.00092896557132, 202.5785540319702, 122.91626581629808, -23.54241334200203, 95.00491566528588, -48.50927291062755, 232.16552125181656, 123.70008570628366, -60.92108274408879, 210.95592872920238, 115.03355978804706, 60.89392521777057, 45.542851616481165, 88.51392291411807, -286.66202068813095, -68.67331082431578, 20.123411720049315, -43.85244669396288, 130.83323453128912, 16.385603353489916, -179.49699371856997, -128.87452901731672, -409.11975163565535, 171.81239757205154, 194.8813477316422, 41.42388442649465, 182.04125537990464, 95.8087294392969, -170.86618026557173], "w2": [26.32298191648174, -56.51952664138405, -237.0525908665224, -25.13984383184467, 90.47231547413261, -250.0212317387833, -92.4315267977025, 255.66795536771497, 22.251529465776695, -10.292095741148799, -188.3638173137772, -29.620324679472617, -153.9536992071712, -118.40974855163796, -51.621878932646375, 1.838885542794742, -123.58287455268112, -122.2129069904893, -7.350336615837456, 53.09817126047101, 93.3061498031552, -74.75713119595426, -5.032958438356417, 5.700838420246839, -29.71078402670029, 96.68464876685093, 56.314045110613705, -203.6637829478152, 191.75575014791679, -184.04761285653697, -51.72953384569583, -36.93247325713706, 279.04386415841947, 397.38788089609886, -118.48330903554078, 93.01872171106183, 114.7843492618531, -12.542954074345655, 77.80325771065071, -126.84620611492572, 234.37209917700034, -84.10144584731569, -23.866845567536167, 45.44972974970558, 246.69476497223906, -190.77538301651254, 102.15998010081333, 74.34449078526546, -170.85786136373127, 73.54664039374478, 60.7319210757146, -203.25584563877817, -136.5758975211598, -257.406311437582, -43.37032890818693, 5.173644621847302, 123.16646589655, 32.762409967388635, -52.665129117846575, 79.21770037979222, -172.0582297295018, 31.794115029753485, 18.858325479356253, 237.57003047879442, -54.34382530664833, -106.60471956505287, -62.32903083182514, -21.64687815356025, -172.80350485328663, 114.3435648969327, -168.22797878656294, -98.17072002078255, 178.19040887804562, -292.62535812116437, -67.62651059501165]}]]}