{"results": [15, {"eye_angles": [0.37010203971865074, 0.15118155253946786], "w1": [163.3410918598388, -708.9637874757135, 107.1743241774112, -1732.8275028058415, -1647.870335185536, 666.5146013577154, 52.178305525821486, -78.44617686450096, 338.6512537256384, -41.17285865044954, -446.25985806957624, -353.4307093294051, -227.5048128013032, -737.4101852853896, -384.66793060287915, 124.92050691173473, 3.831596947385183, 399.97403865189864, 149.08974747531212, -40.67658399575839, 11.84773032669402, 487.1667463213238, 240.60209821416643, 386.00839830326413, 1543.5362987791195, -320.59377466595146, -342.37701948001694, 59.16330437105941, -445.1343233807894, -809.5891623612935, 291.7872032067801, -922.0029074935267, -481.0946201890204, -691.4845777903835, 349.70734954326946, 351.1330479138851, 119.71536790139206, -1685.4099407444598, -380.84895616129677, -942.097542095345, -1554.0476648571153, 12.837520928074628, -1028.9281465827312, -1250.9958471086084, -299.7260027614231, 836.9714259397346, 905.1120213306077, -79.29909558316766, 1958.9446344217386, -1932.1641755179023, -338.3774343813968, 591.1638237836833, 384.8480593213935, 1098.2565873942535, 1144.9159070448181, -825.2352094363007, 408.3558495248797, -331.0553943353533, 289.3291031308054, 193.20265053982394, -445.0854772624004, -156.99829658131603, -928.8031529272391, -452.6645184977608, 1013.4510968869046, -151.25358854192962, -262.69415187563294, 321.1966748238778, -834.6768923667111, 82.85723780364091, -911.7024261333479, 371.11653645862515, 1086.8681188596747, 466.5160315775804, 439.11246078213276, 1085.153699686404, 1343.8596467241655, -444.7491950159443, -290.091408293295, -745.8881113400884, -298.18368650798175, 96.47458707513289, -557.224023040221, 461.9299369117694, 100.53659144211048, -145.9160147613183, 396.2699245127873, -804.0500449807552, -789.0047720569781, -92.62969597248548, 572.7161278723535, 568.176838613712, -393.487523711421, -1085.0693712259956, 718.6472837514048, 57.34658388349044, 272.38303884225314, -240.42018007466666, 1156.8659398455154, 757.5624967131046, 305.911435679824, 324.63896314729504, -690.3627534843584, 1469.7556974223662, -580.6893836765801, -115.09859159116695, -1282.537943638067, -187.38446101642234, -271.47075146322635, 223.03728278726362, 27.629185081489673, -211.31910064592705, -151.82456161670277, 1422.1359005698073, 440.83088253822024, -529.3555402880439, -189.42581641818225, 939.5933577844154, 1058.1471382823975, 682.9367428119361, 1246.1757369738093, -600.937803317825, -523.6151561914162, 173.02667373467813, 109.51331005892212, -31.40969669415018, 1919.8112459810152, 696.7877337385188, -705.4539310531778, 160.13517990768386, -301.4806492249058, -1689.9770442176684, 72.7563352375877, 610.4933013223638, 49.47176123198703, -732.9520366613717, -584.5301769766667, -721.5721279823347, 1422.1865656553823, 411.2893529212302, -390.6520735949853, 227.75461933557332, -556.7405431392422, -487.2739336192983, 1762.6119455016642, 1240.6459980458942, -780.0717465564574, -515.5541354199569, -165.8000332031061, -228.90198057329943, -117.56337269449006, 895.9704146283732, -2530.5499616031598, -798.5575354203681, -1483.580961271628, -397.95894963615467, 0.7045343526257639, -2272.571576151853, 1074.0315783440844, -36.300430612265146, -251.81198875049478, -474.70767850542745, -1362.9470999151538, -735.4558319172461, 33.06005403608099, 1044.7256724531262, -1102.397164896365, 271.16380696766817, -624.256755857543, 271.3507404891318, -581.3672553820478, 494.3831516283048, -900.1790069163254, 113.96845355443571, -390.5729968844355, 712.4532237608091, -482.715482751292, 935.1335870295494, 264.6985961312033, 222.80157452183582, 570.0412602069508, 52.91988449649919, 165.81181172784514, 768.7284348451562, 21.56246504694431, -365.1013122600472, -1350.773709749665, -1309.7862638856905, 466.2724901592131, -89.0134022264468, 368.34663379833296, -498.6684855084152, 1071.0345807160006, 368.96075250993545, 45.53517912912716, 472.80044798568025, -948.597629945148, -637.882299276369, -369.2654841523532, 1492.5258663990041, 613.4871495623096, 354.2867267235036, -86.64641343259613, -7.093357686446523, -229.44768417392552, 941.0139464399091, 174.4451047164107, 469.96336426939206, 1124.906352410705, 1464.6835063151673, -810.1722754492008, 598.1785102360918, -1155.0994340590914, -651.2251025715615, -324.6058471020193, 809.1651017267368, 727.5203119901555, 1033.9384548721755, 927.4145547110022, 379.5393923617286, 37.94134245796068, -1132.2925076051054, 693.3475007114807, 522.1476400375835, -965.1267007167586], "w2": [665.1386557262234, -266.37949849093127, 25.536519951771027, 463.1655001616958, -101.66413442139317, 861.00419634189, 786.0785245068647, -113.20062436166306, -212.4709224868903, -1645.8167506463617, -309.05831319182545, 642.8832208529799, 525.9849788687363, -1688.8598158610412, -2093.9636724973743, 381.4215821841706, -933.663347539101, -535.0839351900792, 241.37368171942327, 82.92087197227627, -476.40862735969876, -849.7935306705879, -1505.9449762327563, -540.8212414370455, -398.1906650231574, -440.6996850320031, -954.3891213511994, -223.34461777603457, -13.368043713582786, -292.82225365859114, -1111.739062874744, 1173.5559886525818, 560.4055143346864, -619.5014890452446, -56.895022398035884, -677.5681175132876, -577.3702949797437, 915.2098686134509, 665.2770885992503, -1858.1001908470346, -1753.7702173410482, 335.90016761965194, -150.92615602641473, -525.0135884821107, 892.822533852184, -392.0224858395141, 229.96586502377988, 416.2383369575138, -525.9921275491904, 147.70553126831703, -252.241302396631, 452.15910694612006, -386.48925144402745, 545.258553482765, 447.8672223414417, 166.40953764204636, 279.1753089731365, 806.573433740516, -44.94920206397437, 512.006034314955, 1330.2180679397384, 1352.5812941300949, 1085.6089080316751, -1091.0963908136657, -78.98210547064505, 590.0516206237593, 335.18942209855857, 514.8191102988318, -633.3990850144943, -174.21960411777079, 124.45285263744539, -443.29547800478423, 492.42961319936137, -1424.7331460865348, -66.93953839055898]}]}